Country,Category,DateTime,Value,Frequency,HistoricalDataSymbol,LastUpdate
Canada,Housing Index,1981-01-31T00:00:00,38.2,Monthly,CANADAHOUIND,2017-03-09T15:08:00
Canada,Housing Index,1981-02-28T00:00:00,38.7,Monthly,CANADAHOUIND,2017-03-09T15:08:00
Canada,Housing Index,1981-03-31T00:00:00,39.3,Monthly,CANADAHOUIND,2017-03-09T15:08:00
Canada,Housing Index,1981-04-30T00:00:00,39.9,Monthly,CANADAHOUIND,2017-03-09T15:08:00
Canada,Housing Index,1981-05-31T00:00:00,40.6,Monthly,CANADAHOUIND,2017-03-09T15:08:00
Canada,Housing Index,1981-06-30T00:00:00,40.8,Monthly,CANADAHOUIND,2017-03-09T15:08:00
Canada,Housing Index,1981-07-31T00:00:00,40.8,Monthly,CANADAHOUIND,2017-03-09T15:08:00
Canada,Housing Index,1981-08-31T00:00:00,40.6,Monthly,CANADAHOUIND,2017-03-09T15:08:00
Canada,Housing Index,1981-09-30T00:00:00,40.4,Monthly,CANADAHOUIND,2017-03-09T15:08:00
Canada,Housing Index,1981-10-31T00:00:00,40.3,Monthly,CANADAHOUIND,2017-03-09T15:08:00
Canada,Housing Index,1981-11-30T00:00:00,40.2,Monthly,CANADAHOUIND,2017-03-09T15:08:00
Canada,Housing Index,1981-12-31T00:00:00,40.3,Monthly,CANADAHOUIND,2017-03-09T15:08:00
Canada,Housing Index,1982-01-31T00:00:00,40.3,Monthly,CANADAHOUIND,2017-03-09T15:08:00
Canada,Housing Index,1982-02-28T00:00:00,40.3,Monthly,CANADAHOUIND,2017-03-09T15:08:00
Canada,Housing Index,1982-03-31T00:00:00,40.1,Monthly,CANADAHOUIND,2017-03-09T15:08:00
Canada,Housing Index,1982-04-30T00:00:00,39.9,Monthly,CANADAHOUIND,2017-03-09T15:08:00
Canada,Housing Index,1982-05-31T00:00:00,39.6,Monthly,CANADAHOUIND,2017-03-09T15:08:00
Canada,Housing Index,1982-06-30T00:00:00,39.3,Monthly,CANADAHOUIND,2017-03-09T15:08:00
Canada,Housing Index,1982-07-31T00:00:00,39,Monthly,CANADAHOUIND,2017-03-09T15:08:00
Canada,Housing Index,1982-08-31T00:00:00,38.8,Monthly,CANADAHOUIND,2017-03-09T15:08:00
Canada,Housing Index,1982-09-30T00:00:00,38.4,Monthly,CANADAHOUIND,2017-03-09T15:08:00
Canada,Housing Index,1982-10-31T00:00:00,38.3,Monthly,CANADAHOUIND,2017-03-09T15:08:00
Canada,Housing Index,1982-11-30T00:00:00,38,Monthly,CANADAHOUIND,2017-03-09T15:08:00
Canada,Housing Index,1982-12-31T00:00:00,37.9,Monthly,CANADAHOUIND,2017-03-09T15:08:00
Canada,Housing Index,1983-01-31T00:00:00,37.9,Monthly,CANADAHOUIND,2017-03-09T15:08:00
Canada,Housing Index,1983-02-28T00:00:00,37.9,Monthly,CANADAHOUIND,2017-03-09T15:08:00
Canada,Housing Index,1983-03-31T00:00:00,37.8,Monthly,CANADAHOUIND,2017-03-09T15:08:00
Canada,Housing Index,1983-04-30T00:00:00,37.8,Monthly,CANADAHOUIND,2017-03-09T15:08:00
Canada,Housing Index,1983-05-31T00:00:00,37.7,Monthly,CANADAHOUIND,2017-03-09T15:08:00
Canada,Housing Index,1983-06-30T00:00:00,37.8,Monthly,CANADAHOUIND,2017-03-09T15:08:00
Canada,Housing Index,1983-07-31T00:00:00,37.8,Monthly,CANADAHOUIND,2017-03-09T15:08:00
Canada,Housing Index,1983-08-31T00:00:00,38,Monthly,CANADAHOUIND,2017-03-09T15:08:00
Canada,Housing Index,1983-09-30T00:00:00,38,Monthly,CANADAHOUIND,2017-03-09T15:08:00
Canada,Housing Index,1983-10-31T00:00:00,37.9,Monthly,CANADAHOUIND,2017-03-09T15:08:00
Canada,Housing Index,1983-11-30T00:00:00,38,Monthly,CANADAHOUIND,2017-03-09T15:08:00
Canada,Housing Index,1983-12-31T00:00:00,37.9,Monthly,CANADAHOUIND,2017-03-09T15:08:00
Canada,Housing Index,1984-01-31T00:00:00,38,Monthly,CANADAHOUIND,2017-03-09T15:08:00
Canada,Housing Index,1984-02-29T00:00:00,38,Monthly,CANADAHOUIND,2017-03-09T15:08:00
Canada,Housing Index,1984-03-31T00:00:00,38.1,Monthly,CANADAHOUIND,2017-03-09T15:08:00
Canada,Housing Index,1984-04-30T00:00:00,38.2,Monthly,CANADAHOUIND,2017-03-09T15:08:00
Canada,Housing Index,1984-05-31T00:00:00,38.2,Monthly,CANADAHOUIND,2017-03-09T15:08:00
Canada,Housing Index,1984-06-30T00:00:00,38.1,Monthly,CANADAHOUIND,2017-03-09T15:08:00
Canada,Housing Index,1984-07-31T00:00:00,38.1,Monthly,CANADAHOUIND,2017-03-09T15:08:00
Canada,Housing Index,1984-08-31T00:00:00,38,Monthly,CANADAHOUIND,2017-03-09T15:08:00
Canada,Housing Index,1984-09-30T00:00:00,37.9,Monthly,CANADAHOUIND,2017-03-09T15:08:00
Canada,Housing Index,1984-10-31T00:00:00,37.9,Monthly,CANADAHOUIND,2017-03-09T15:08:00
Canada,Housing Index,1984-11-30T00:00:00,37.8,Monthly,CANADAHOUIND,2017-03-09T15:08:00
Canada,Housing Index,1984-12-31T00:00:00,37.9,Monthly,CANADAHOUIND,2017-03-09T15:08:00
Canada,Housing Index,1985-01-31T00:00:00,38,Monthly,CANADAHOUIND,2017-03-09T15:08:00
Canada,Housing Index,1985-02-28T00:00:00,38,Monthly,CANADAHOUIND,2017-03-09T15:08:00
Canada,Housing Index,1985-03-31T00:00:00,38.1,Monthly,CANADAHOUIND,2017-03-09T15:08:00
Canada,Housing Index,1985-04-30T00:00:00,38.1,Monthly,CANADAHOUIND,2017-03-09T15:08:00
Canada,Housing Index,1985-05-31T00:00:00,38.1,Monthly,CANADAHOUIND,2017-03-09T15:08:00
Canada,Housing Index,1985-06-30T00:00:00,38.3,Monthly,CANADAHOUIND,2017-03-09T15:08:00
Canada,Housing Index,1985-07-31T00:00:00,38.4,Monthly,CANADAHOUIND,2017-03-09T15:08:00
Canada,Housing Index,1985-08-31T00:00:00,38.5,Monthly,CANADAHOUIND,2017-03-09T15:08:00
Canada,Housing Index,1985-09-30T00:00:00,38.8,Monthly,CANADAHOUIND,2017-03-09T15:08:00
Canada,Housing Index,1985-10-31T00:00:00,38.9,Monthly,CANADAHOUIND,2017-03-09T15:08:00
Canada,Housing Index,1985-11-30T00:00:00,39.2,Monthly,CANADAHOUIND,2017-03-09T15:08:00
Canada,Housing Index,1985-12-31T00:00:00,39.3,Monthly,CANADAHOUIND,2017-03-09T15:08:00
Canada,Housing Index,1986-01-31T00:00:00,39.8,Monthly,CANADAHOUIND,2017-03-09T15:08:00
Canada,Housing Index,1986-02-28T00:00:00,40.3,Monthly,CANADAHOUIND,2017-03-09T15:08:00
Canada,Housing Index,1986-03-31T00:00:00,40.6,Monthly,CANADAHOUIND,2017-03-09T15:08:00
Canada,Housing Index,1986-04-30T00:00:00,40.8,Monthly,CANADAHOUIND,2017-03-09T15:08:00
Canada,Housing Index,1986-05-31T00:00:00,41.1,Monthly,CANADAHOUIND,2017-03-09T15:08:00
Canada,Housing Index,1986-06-30T00:00:00,41.3,Monthly,CANADAHOUIND,2017-03-09T15:08:00
Canada,Housing Index,1986-07-31T00:00:00,41.6,Monthly,CANADAHOUIND,2017-03-09T15:08:00
Canada,Housing Index,1986-08-31T00:00:00,42,Monthly,CANADAHOUIND,2017-03-09T15:08:00
Canada,Housing Index,1986-09-30T00:00:00,42.8,Monthly,CANADAHOUIND,2017-03-09T15:08:00
Canada,Housing Index,1986-10-31T00:00:00,43.2,Monthly,CANADAHOUIND,2017-03-09T15:08:00
Canada,Housing Index,1986-11-30T00:00:00,43.8,Monthly,CANADAHOUIND,2017-03-09T15:08:00
Canada,Housing Index,1986-12-31T00:00:00,44,Monthly,CANADAHOUIND,2017-03-09T15:08:00
Canada,Housing Index,1987-01-31T00:00:00,44.4,Monthly,CANADAHOUIND,2017-03-09T15:08:00
Canada,Housing Index,1987-02-28T00:00:00,45.2,Monthly,CANADAHOUIND,2017-03-09T15:08:00
Canada,Housing Index,1987-03-31T00:00:00,46.6,Monthly,CANADAHOUIND,2017-03-09T15:08:00
Canada,Housing Index,1987-04-30T00:00:00,47.1,Monthly,CANADAHOUIND,2017-03-09T15:08:00
Canada,Housing Index,1987-05-31T00:00:00,47.5,Monthly,CANADAHOUIND,2017-03-09T15:08:00
Canada,Housing Index,1987-06-30T00:00:00,47.7,Monthly,CANADAHOUIND,2017-03-09T15:08:00
Canada,Housing Index,1987-07-31T00:00:00,48,Monthly,CANADAHOUIND,2017-03-09T15:08:00
Canada,Housing Index,1987-08-31T00:00:00,48.2,Monthly,CANADAHOUIND,2017-03-09T15:08:00
Canada,Housing Index,1987-09-30T00:00:00,48.7,Monthly,CANADAHOUIND,2017-03-09T15:08:00
Canada,Housing Index,1987-10-31T00:00:00,48.9,Monthly,CANADAHOUIND,2017-03-09T15:08:00
Canada,Housing Index,1987-11-30T00:00:00,49.1,Monthly,CANADAHOUIND,2017-03-09T15:08:00
Canada,Housing Index,1987-12-31T00:00:00,49.1,Monthly,CANADAHOUIND,2017-03-09T15:08:00
Canada,Housing Index,1988-01-31T00:00:00,49.3,Monthly,CANADAHOUIND,2017-03-09T15:08:00
Canada,Housing Index,1988-02-29T00:00:00,49.8,Monthly,CANADAHOUIND,2017-03-09T15:08:00
Canada,Housing Index,1988-03-31T00:00:00,50.3,Monthly,CANADAHOUIND,2017-03-09T15:08:00
Canada,Housing Index,1988-04-30T00:00:00,51.2,Monthly,CANADAHOUIND,2017-03-09T15:08:00
Canada,Housing Index,1988-05-31T00:00:00,51.9,Monthly,CANADAHOUIND,2017-03-09T15:08:00
Canada,Housing Index,1988-06-30T00:00:00,52.3,Monthly,CANADAHOUIND,2017-03-09T15:08:00
Canada,Housing Index,1988-07-31T00:00:00,52.5,Monthly,CANADAHOUIND,2017-03-09T15:08:00
Canada,Housing Index,1988-08-31T00:00:00,53,Monthly,CANADAHOUIND,2017-03-09T15:08:00
Canada,Housing Index,1988-09-30T00:00:00,53.9,Monthly,CANADAHOUIND,2017-03-09T15:08:00
Canada,Housing Index,1988-10-31T00:00:00,54.3,Monthly,CANADAHOUIND,2017-03-09T15:08:00
Canada,Housing Index,1988-11-30T00:00:00,55,Monthly,CANADAHOUIND,2017-03-09T15:08:00
Canada,Housing Index,1988-12-31T00:00:00,55.8,Monthly,CANADAHOUIND,2017-03-09T15:08:00
Canada,Housing Index,1989-01-31T00:00:00,56.3,Monthly,CANADAHOUIND,2017-03-09T15:08:00
Canada,Housing Index,1989-02-28T00:00:00,57.7,Monthly,CANADAHOUIND,2017-03-09T15:08:00
Canada,Housing Index,1989-03-31T00:00:00,58.6,Monthly,CANADAHOUIND,2017-03-09T15:08:00
Canada,Housing Index,1989-04-30T00:00:00,59.1,Monthly,CANADAHOUIND,2017-03-09T15:08:00
Canada,Housing Index,1989-05-31T00:00:00,59.3,Monthly,CANADAHOUIND,2017-03-09T15:08:00
Canada,Housing Index,1989-06-30T00:00:00,59.6,Monthly,CANADAHOUIND,2017-03-09T15:08:00
Canada,Housing Index,1989-07-31T00:00:00,59.8,Monthly,CANADAHOUIND,2017-03-09T15:08:00
Canada,Housing Index,1989-08-31T00:00:00,59.8,Monthly,CANADAHOUIND,2017-03-09T15:08:00
Canada,Housing Index,1989-09-30T00:00:00,60.1,Monthly,CANADAHOUIND,2017-03-09T15:08:00
Canada,Housing Index,1989-10-31T00:00:00,60.4,Monthly,CANADAHOUIND,2017-03-09T15:08:00
Canada,Housing Index,1989-11-30T00:00:00,60.8,Monthly,CANADAHOUIND,2017-03-09T15:08:00
Canada,Housing Index,1989-12-31T00:00:00,61.1,Monthly,CANADAHOUIND,2017-03-09T15:08:00
Canada,Housing Index,1990-01-31T00:00:00,61.7,Monthly,CANADAHOUIND,2017-03-09T15:08:00
Canada,Housing Index,1990-02-28T00:00:00,61.8,Monthly,CANADAHOUIND,2017-03-09T15:08:00
Canada,Housing Index,1990-03-31T00:00:00,61.9,Monthly,CANADAHOUIND,2017-03-09T15:08:00
Canada,Housing Index,1990-04-30T00:00:00,61.8,Monthly,CANADAHOUIND,2017-03-09T15:08:00
Canada,Housing Index,1990-05-31T00:00:00,61.5,Monthly,CANADAHOUIND,2017-03-09T15:08:00
Canada,Housing Index,1990-06-30T00:00:00,60.8,Monthly,CANADAHOUIND,2017-03-09T15:08:00
Canada,Housing Index,1990-07-31T00:00:00,60.4,Monthly,CANADAHOUIND,2017-03-09T15:08:00
Canada,Housing Index,1990-08-31T00:00:00,59.8,Monthly,CANADAHOUIND,2017-03-09T15:08:00
Canada,Housing Index,1990-09-30T00:00:00,59,Monthly,CANADAHOUIND,2017-03-09T15:08:00
Canada,Housing Index,1990-10-31T00:00:00,58.6,Monthly,CANADAHOUIND,2017-03-09T15:08:00
Canada,Housing Index,1990-11-30T00:00:00,58,Monthly,CANADAHOUIND,2017-03-09T15:08:00
Canada,Housing Index,1990-12-31T00:00:00,57.8,Monthly,CANADAHOUIND,2017-03-09T15:08:00
Canada,Housing Index,1991-01-31T00:00:00,56.9,Monthly,CANADAHOUIND,2017-03-09T15:08:00
Canada,Housing Index,1991-02-28T00:00:00,55.8,Monthly,CANADAHOUIND,2017-03-09T15:08:00
Canada,Housing Index,1991-03-31T00:00:00,56,Monthly,CANADAHOUIND,2017-03-09T15:08:00
Canada,Housing Index,1991-04-30T00:00:00,55.8,Monthly,CANADAHOUIND,2017-03-09T15:08:00
Canada,Housing Index,1991-05-31T00:00:00,56.2,Monthly,CANADAHOUIND,2017-03-09T15:08:00
Canada,Housing Index,1991-06-30T00:00:00,56.2,Monthly,CANADAHOUIND,2017-03-09T15:08:00
Canada,Housing Index,1991-07-31T00:00:00,56.3,Monthly,CANADAHOUIND,2017-03-09T15:08:00
Canada,Housing Index,1991-08-31T00:00:00,56.2,Monthly,CANADAHOUIND,2017-03-09T15:08:00
Canada,Housing Index,1991-09-30T00:00:00,56.2,Monthly,CANADAHOUIND,2017-03-09T15:08:00
Canada,Housing Index,1991-10-31T00:00:00,56.2,Monthly,CANADAHOUIND,2017-03-09T15:08:00
Canada,Housing Index,1991-11-30T00:00:00,55.9,Monthly,CANADAHOUIND,2017-03-09T15:08:00
Canada,Housing Index,1991-12-31T00:00:00,55.9,Monthly,CANADAHOUIND,2017-03-09T15:08:00
Canada,Housing Index,1992-01-31T00:00:00,55.8,Monthly,CANADAHOUIND,2017-03-09T15:08:00
Canada,Housing Index,1992-02-29T00:00:00,55.8,Monthly,CANADAHOUIND,2017-03-09T15:08:00
Canada,Housing Index,1992-03-31T00:00:00,55.9,Monthly,CANADAHOUIND,2017-03-09T15:08:00
Canada,Housing Index,1992-04-30T00:00:00,56,Monthly,CANADAHOUIND,2017-03-09T15:08:00
Canada,Housing Index,1992-05-31T00:00:00,56,Monthly,CANADAHOUIND,2017-03-09T15:08:00
Canada,Housing Index,1992-06-30T00:00:00,56.2,Monthly,CANADAHOUIND,2017-03-09T15:08:00
Canada,Housing Index,1992-07-31T00:00:00,56.3,Monthly,CANADAHOUIND,2017-03-09T15:08:00
Canada,Housing Index,1992-08-31T00:00:00,56.3,Monthly,CANADAHOUIND,2017-03-09T15:08:00
Canada,Housing Index,1992-09-30T00:00:00,56.2,Monthly,CANADAHOUIND,2017-03-09T15:08:00
Canada,Housing Index,1992-10-31T00:00:00,56.3,Monthly,CANADAHOUIND,2017-03-09T15:08:00
Canada,Housing Index,1992-11-30T00:00:00,56.3,Monthly,CANADAHOUIND,2017-03-09T15:08:00
Canada,Housing Index,1992-12-31T00:00:00,56.3,Monthly,CANADAHOUIND,2017-03-09T15:08:00
Canada,Housing Index,1993-01-31T00:00:00,56.2,Monthly,CANADAHOUIND,2017-03-09T15:08:00
Canada,Housing Index,1993-02-28T00:00:00,56.4,Monthly,CANADAHOUIND,2017-03-09T15:08:00
Canada,Housing Index,1993-03-31T00:00:00,56.7,Monthly,CANADAHOUIND,2017-03-09T15:08:00
Canada,Housing Index,1993-04-30T00:00:00,57,Monthly,CANADAHOUIND,2017-03-09T15:08:00
Canada,Housing Index,1993-05-31T00:00:00,56.8,Monthly,CANADAHOUIND,2017-03-09T15:08:00
Canada,Housing Index,1993-06-30T00:00:00,56.9,Monthly,CANADAHOUIND,2017-03-09T15:08:00
Canada,Housing Index,1993-07-31T00:00:00,57,Monthly,CANADAHOUIND,2017-03-09T15:08:00
Canada,Housing Index,1993-08-31T00:00:00,57.1,Monthly,CANADAHOUIND,2017-03-09T15:08:00
Canada,Housing Index,1993-09-30T00:00:00,57.1,Monthly,CANADAHOUIND,2017-03-09T15:08:00
Canada,Housing Index,1993-10-31T00:00:00,57,Monthly,CANADAHOUIND,2017-03-09T15:08:00
Canada,Housing Index,1993-11-30T00:00:00,57,Monthly,CANADAHOUIND,2017-03-09T15:08:00
Canada,Housing Index,1993-12-31T00:00:00,56.9,Monthly,CANADAHOUIND,2017-03-09T15:08:00
Canada,Housing Index,1994-01-31T00:00:00,57,Monthly,CANADAHOUIND,2017-03-09T15:08:00
Canada,Housing Index,1994-02-28T00:00:00,56.9,Monthly,CANADAHOUIND,2017-03-09T15:08:00
Canada,Housing Index,1994-03-31T00:00:00,56.9,Monthly,CANADAHOUIND,2017-03-09T15:08:00
Canada,Housing Index,1994-04-30T00:00:00,56.9,Monthly,CANADAHOUIND,2017-03-09T15:08:00
Canada,Housing Index,1994-05-31T00:00:00,56.9,Monthly,CANADAHOUIND,2017-03-09T15:08:00
Canada,Housing Index,1994-06-30T00:00:00,57,Monthly,CANADAHOUIND,2017-03-09T15:08:00
Canada,Housing Index,1994-07-31T00:00:00,56.9,Monthly,CANADAHOUIND,2017-03-09T15:08:00
Canada,Housing Index,1994-08-31T00:00:00,57,Monthly,CANADAHOUIND,2017-03-09T15:08:00
Canada,Housing Index,1994-09-30T00:00:00,57,Monthly,CANADAHOUIND,2017-03-09T15:08:00
Canada,Housing Index,1994-10-31T00:00:00,56.9,Monthly,CANADAHOUIND,2017-03-09T15:08:00
Canada,Housing Index,1994-11-30T00:00:00,56.8,Monthly,CANADAHOUIND,2017-03-09T15:08:00
Canada,Housing Index,1994-12-31T00:00:00,56.8,Monthly,CANADAHOUIND,2017-03-09T15:08:00
Canada,Housing Index,1995-01-31T00:00:00,56.8,Monthly,CANADAHOUIND,2017-03-09T15:08:00
Canada,Housing Index,1995-02-28T00:00:00,56.7,Monthly,CANADAHOUIND,2017-03-09T15:08:00
Canada,Housing Index,1995-03-31T00:00:00,56.6,Monthly,CANADAHOUIND,2017-03-09T15:08:00
Canada,Housing Index,1995-04-30T00:00:00,56.5,Monthly,CANADAHOUIND,2017-03-09T15:08:00
Canada,Housing Index,1995-05-31T00:00:00,56.4,Monthly,CANADAHOUIND,2017-03-09T15:08:00
Canada,Housing Index,1995-06-30T00:00:00,56.3,Monthly,CANADAHOUIND,2017-03-09T15:08:00
Canada,Housing Index,1995-07-31T00:00:00,56.2,Monthly,CANADAHOUIND,2017-03-09T15:08:00
Canada,Housing Index,1995-08-31T00:00:00,56.2,Monthly,CANADAHOUIND,2017-03-09T15:08:00
Canada,Housing Index,1995-09-30T00:00:00,56.2,Monthly,CANADAHOUIND,2017-03-09T15:08:00
Canada,Housing Index,1995-10-31T00:00:00,55.9,Monthly,CANADAHOUIND,2017-03-09T15:08:00
Canada,Housing Index,1995-11-30T00:00:00,55.6,Monthly,CANADAHOUIND,2017-03-09T15:08:00
Canada,Housing Index,1995-12-31T00:00:00,55.7,Monthly,CANADAHOUIND,2017-03-09T15:08:00
Canada,Housing Index,1996-01-31T00:00:00,55.6,Monthly,CANADAHOUIND,2017-03-09T15:08:00
Canada,Housing Index,1996-02-29T00:00:00,55.4,Monthly,CANADAHOUIND,2017-03-09T15:08:00
Canada,Housing Index,1996-03-31T00:00:00,55.3,Monthly,CANADAHOUIND,2017-03-09T15:08:00
Canada,Housing Index,1996-04-30T00:00:00,55.1,Monthly,CANADAHOUIND,2017-03-09T15:08:00
Canada,Housing Index,1996-05-31T00:00:00,55,Monthly,CANADAHOUIND,2017-03-09T15:08:00
Canada,Housing Index,1996-06-30T00:00:00,55.1,Monthly,CANADAHOUIND,2017-03-09T15:08:00
Canada,Housing Index,1996-07-31T00:00:00,55,Monthly,CANADAHOUIND,2017-03-09T15:08:00
Canada,Housing Index,1996-08-31T00:00:00,55,Monthly,CANADAHOUIND,2017-03-09T15:08:00
Canada,Housing Index,1996-09-30T00:00:00,55,Monthly,CANADAHOUIND,2017-03-09T15:08:00
Canada,Housing Index,1996-10-31T00:00:00,55,Monthly,CANADAHOUIND,2017-03-09T15:08:00
Canada,Housing Index,1996-11-30T00:00:00,55.2,Monthly,CANADAHOUIND,2017-03-09T15:08:00
Canada,Housing Index,1996-12-31T00:00:00,55.2,Monthly,CANADAHOUIND,2017-03-09T15:08:00
Canada,Housing Index,1997-01-31T00:00:00,55.3,Monthly,CANADAHOUIND,2017-03-09T15:08:00
Canada,Housing Index,1997-02-28T00:00:00,55.4,Monthly,CANADAHOUIND,2017-03-09T15:08:00
Canada,Housing Index,1997-03-31T00:00:00,55.5,Monthly,CANADAHOUIND,2017-03-09T15:08:00
Canada,Housing Index,1997-04-30T00:00:00,55.5,Monthly,CANADAHOUIND,2017-03-09T15:08:00
Canada,Housing Index,1997-05-31T00:00:00,55.6,Monthly,CANADAHOUIND,2017-03-09T15:08:00
Canada,Housing Index,1997-06-30T00:00:00,55.6,Monthly,CANADAHOUIND,2017-03-09T15:08:00
Canada,Housing Index,1997-07-31T00:00:00,55.6,Monthly,CANADAHOUIND,2017-03-09T15:08:00
Canada,Housing Index,1997-08-31T00:00:00,55.6,Monthly,CANADAHOUIND,2017-03-09T15:08:00
Canada,Housing Index,1997-09-30T00:00:00,55.6,Monthly,CANADAHOUIND,2017-03-09T15:08:00
Canada,Housing Index,1997-10-31T00:00:00,55.6,Monthly,CANADAHOUIND,2017-03-09T15:08:00
Canada,Housing Index,1997-11-30T00:00:00,55.8,Monthly,CANADAHOUIND,2017-03-09T15:08:00
Canada,Housing Index,1997-12-31T00:00:00,55.9,Monthly,CANADAHOUIND,2017-03-09T15:08:00
Canada,Housing Index,1998-01-31T00:00:00,56,Monthly,CANADAHOUIND,2017-03-09T15:08:00
Canada,Housing Index,1998-02-28T00:00:00,56,Monthly,CANADAHOUIND,2017-03-09T15:08:00
Canada,Housing Index,1998-03-31T00:00:00,56,Monthly,CANADAHOUIND,2017-03-09T15:08:00
Canada,Housing Index,1998-04-30T00:00:00,56,Monthly,CANADAHOUIND,2017-03-09T15:08:00
Canada,Housing Index,1998-05-31T00:00:00,56.1,Monthly,CANADAHOUIND,2017-03-09T15:08:00
Canada,Housing Index,1998-06-30T00:00:00,56.2,Monthly,CANADAHOUIND,2017-03-09T15:08:00
Canada,Housing Index,1998-07-31T00:00:00,56.2,Monthly,CANADAHOUIND,2017-03-09T15:08:00
Canada,Housing Index,1998-08-31T00:00:00,56.2,Monthly,CANADAHOUIND,2017-03-09T15:08:00
Canada,Housing Index,1998-09-30T00:00:00,56.2,Monthly,CANADAHOUIND,2017-03-09T15:08:00
Canada,Housing Index,1998-10-31T00:00:00,56.2,Monthly,CANADAHOUIND,2017-03-09T15:08:00
Canada,Housing Index,1998-11-30T00:00:00,56.2,Monthly,CANADAHOUIND,2017-03-09T15:08:00
Canada,Housing Index,1998-12-31T00:00:00,56.3,Monthly,CANADAHOUIND,2017-03-09T15:08:00
Canada,Housing Index,1999-01-31T00:00:00,56.3,Monthly,CANADAHOUIND,2017-03-09T15:08:00
Canada,Housing Index,1999-02-28T00:00:00,56.3,Monthly,CANADAHOUIND,2017-03-09T15:08:00
Canada,Housing Index,1999-03-31T00:00:00,56.4,Monthly,CANADAHOUIND,2017-03-09T15:08:00
Canada,Housing Index,1999-04-30T00:00:00,56.4,Monthly,CANADAHOUIND,2017-03-09T15:08:00
Canada,Housing Index,1999-05-31T00:00:00,56.4,Monthly,CANADAHOUIND,2017-03-09T15:08:00
Canada,Housing Index,1999-06-30T00:00:00,56.4,Monthly,CANADAHOUIND,2017-03-09T15:08:00
Canada,Housing Index,1999-07-31T00:00:00,56.5,Monthly,CANADAHOUIND,2017-03-09T15:08:00
Canada,Housing Index,1999-08-31T00:00:00,56.7,Monthly,CANADAHOUIND,2017-03-09T15:08:00
Canada,Housing Index,1999-09-30T00:00:00,56.8,Monthly,CANADAHOUIND,2017-03-09T15:08:00
Canada,Housing Index,1999-10-31T00:00:00,56.9,Monthly,CANADAHOUIND,2017-03-09T15:08:00
Canada,Housing Index,1999-11-30T00:00:00,57.1,Monthly,CANADAHOUIND,2017-03-09T15:08:00
Canada,Housing Index,1999-12-31T00:00:00,57.2,Monthly,CANADAHOUIND,2017-03-09T15:08:00
Canada,Housing Index,2000-01-31T00:00:00,57.2,Monthly,CANADAHOUIND,2017-03-09T15:08:00
Canada,Housing Index,2000-02-29T00:00:00,57.4,Monthly,CANADAHOUIND,2017-03-09T15:08:00
Canada,Housing Index,2000-03-31T00:00:00,57.5,Monthly,CANADAHOUIND,2017-03-09T15:08:00
Canada,Housing Index,2000-04-30T00:00:00,57.6,Monthly,CANADAHOUIND,2017-03-09T15:08:00
Canada,Housing Index,2000-05-31T00:00:00,57.8,Monthly,CANADAHOUIND,2017-03-09T15:08:00
Canada,Housing Index,2000-06-30T00:00:00,57.8,Monthly,CANADAHOUIND,2017-03-09T15:08:00
Canada,Housing Index,2000-07-31T00:00:00,57.9,Monthly,CANADAHOUIND,2017-03-09T15:08:00
Canada,Housing Index,2000-08-31T00:00:00,58.1,Monthly,CANADAHOUIND,2017-03-09T15:08:00
Canada,Housing Index,2000-09-30T00:00:00,58.2,Monthly,CANADAHOUIND,2017-03-09T15:08:00
Canada,Housing Index,2000-10-31T00:00:00,58.3,Monthly,CANADAHOUIND,2017-03-09T15:08:00
Canada,Housing Index,2000-11-30T00:00:00,58.5,Monthly,CANADAHOUIND,2017-03-09T15:08:00
Canada,Housing Index,2000-12-31T00:00:00,58.6,Monthly,CANADAHOUIND,2017-03-09T15:08:00
Canada,Housing Index,2001-01-31T00:00:00,58.7,Monthly,CANADAHOUIND,2017-03-09T15:08:00
Canada,Housing Index,2001-02-28T00:00:00,58.8,Monthly,CANADAHOUIND,2017-03-09T15:08:00
Canada,Housing Index,2001-03-31T00:00:00,59,Monthly,CANADAHOUIND,2017-03-09T15:08:00
Canada,Housing Index,2001-04-30T00:00:00,59.2,Monthly,CANADAHOUIND,2017-03-09T15:08:00
Canada,Housing Index,2001-05-31T00:00:00,59.3,Monthly,CANADAHOUIND,2017-03-09T15:08:00
Canada,Housing Index,2001-06-30T00:00:00,59.5,Monthly,CANADAHOUIND,2017-03-09T15:08:00
Canada,Housing Index,2001-07-31T00:00:00,59.6,Monthly,CANADAHOUIND,2017-03-09T15:08:00
Canada,Housing Index,2001-08-31T00:00:00,59.7,Monthly,CANADAHOUIND,2017-03-09T15:08:00
Canada,Housing Index,2001-09-30T00:00:00,59.9,Monthly,CANADAHOUIND,2017-03-09T15:08:00
Canada,Housing Index,2001-10-31T00:00:00,59.9,Monthly,CANADAHOUIND,2017-03-09T15:08:00
Canada,Housing Index,2001-11-30T00:00:00,60.1,Monthly,CANADAHOUIND,2017-03-09T15:08:00
Canada,Housing Index,2001-12-31T00:00:00,60.2,Monthly,CANADAHOUIND,2017-03-09T15:08:00
Canada,Housing Index,2002-01-31T00:00:00,60.4,Monthly,CANADAHOUIND,2017-03-09T15:08:00
Canada,Housing Index,2002-02-28T00:00:00,60.8,Monthly,CANADAHOUIND,2017-03-09T15:08:00
Canada,Housing Index,2002-03-31T00:00:00,61,Monthly,CANADAHOUIND,2017-03-09T15:08:00
Canada,Housing Index,2002-04-30T00:00:00,61.4,Monthly,CANADAHOUIND,2017-03-09T15:08:00
Canada,Housing Index,2002-05-31T00:00:00,61.8,Monthly,CANADAHOUIND,2017-03-09T15:08:00
Canada,Housing Index,2002-06-30T00:00:00,61.9,Monthly,CANADAHOUIND,2017-03-09T15:08:00
Canada,Housing Index,2002-07-31T00:00:00,62,Monthly,CANADAHOUIND,2017-03-09T15:08:00
Canada,Housing Index,2002-08-31T00:00:00,62.3,Monthly,CANADAHOUIND,2017-03-09T15:08:00
Canada,Housing Index,2002-09-30T00:00:00,62.4,Monthly,CANADAHOUIND,2017-03-09T15:08:00
Canada,Housing Index,2002-10-31T00:00:00,62.7,Monthly,CANADAHOUIND,2017-03-09T15:08:00
Canada,Housing Index,2002-11-30T00:00:00,63.1,Monthly,CANADAHOUIND,2017-03-09T15:08:00
Canada,Housing Index,2002-12-31T00:00:00,63.3,Monthly,CANADAHOUIND,2017-03-09T15:08:00
Canada,Housing Index,2003-01-31T00:00:00,63.4,Monthly,CANADAHOUIND,2017-03-09T15:08:00
Canada,Housing Index,2003-02-28T00:00:00,63.8,Monthly,CANADAHOUIND,2017-03-09T15:08:00
Canada,Housing Index,2003-03-31T00:00:00,63.9,Monthly,CANADAHOUIND,2017-03-09T15:08:00
Canada,Housing Index,2003-04-30T00:00:00,64.1,Monthly,CANADAHOUIND,2017-03-09T15:08:00
Canada,Housing Index,2003-05-31T00:00:00,64.5,Monthly,CANADAHOUIND,2017-03-09T15:08:00
Canada,Housing Index,2003-06-30T00:00:00,64.7,Monthly,CANADAHOUIND,2017-03-09T15:08:00
Canada,Housing Index,2003-07-31T00:00:00,64.9,Monthly,CANADAHOUIND,2017-03-09T15:08:00
Canada,Housing Index,2003-08-31T00:00:00,65.2,Monthly,CANADAHOUIND,2017-03-09T15:08:00
Canada,Housing Index,2003-09-30T00:00:00,65.5,Monthly,CANADAHOUIND,2017-03-09T15:08:00
Canada,Housing Index,2003-10-31T00:00:00,65.8,Monthly,CANADAHOUIND,2017-03-09T15:08:00
Canada,Housing Index,2003-11-30T00:00:00,66.3,Monthly,CANADAHOUIND,2017-03-09T15:08:00
Canada,Housing Index,2003-12-31T00:00:00,66.5,Monthly,CANADAHOUIND,2017-03-09T15:08:00
Canada,Housing Index,2004-01-31T00:00:00,66.7,Monthly,CANADAHOUIND,2017-03-09T15:08:00
Canada,Housing Index,2004-02-29T00:00:00,66.9,Monthly,CANADAHOUIND,2017-03-09T15:08:00
Canada,Housing Index,2004-03-31T00:00:00,67.2,Monthly,CANADAHOUIND,2017-03-09T15:08:00
Canada,Housing Index,2004-04-30T00:00:00,67.7,Monthly,CANADAHOUIND,2017-03-09T15:08:00
Canada,Housing Index,2004-05-31T00:00:00,68.2,Monthly,CANADAHOUIND,2017-03-09T15:08:00
Canada,Housing Index,2004-06-30T00:00:00,68.7,Monthly,CANADAHOUIND,2017-03-09T15:08:00
Canada,Housing Index,2004-07-31T00:00:00,68.8,Monthly,CANADAHOUIND,2017-03-09T15:08:00
Canada,Housing Index,2004-08-31T00:00:00,69.1,Monthly,CANADAHOUIND,2017-03-09T15:08:00
Canada,Housing Index,2004-09-30T00:00:00,69.3,Monthly,CANADAHOUIND,2017-03-09T15:08:00
Canada,Housing Index,2004-10-31T00:00:00,69.5,Monthly,CANADAHOUIND,2017-03-09T15:08:00
Canada,Housing Index,2004-11-30T00:00:00,69.8,Monthly,CANADAHOUIND,2017-03-09T15:08:00
Canada,Housing Index,2004-12-31T00:00:00,69.9,Monthly,CANADAHOUIND,2017-03-09T15:08:00
Canada,Housing Index,2005-01-31T00:00:00,70.1,Monthly,CANADAHOUIND,2017-03-09T15:08:00
Canada,Housing Index,2005-02-28T00:00:00,70.3,Monthly,CANADAHOUIND,2017-03-09T15:08:00
Canada,Housing Index,2005-03-31T00:00:00,70.6,Monthly,CANADAHOUIND,2017-03-09T15:08:00
Canada,Housing Index,2005-04-30T00:00:00,71,Monthly,CANADAHOUIND,2017-03-09T15:08:00
Canada,Housing Index,2005-05-31T00:00:00,71.3,Monthly,CANADAHOUIND,2017-03-09T15:08:00
Canada,Housing Index,2005-06-30T00:00:00,71.9,Monthly,CANADAHOUIND,2017-03-09T15:08:00
Canada,Housing Index,2005-07-31T00:00:00,72,Monthly,CANADAHOUIND,2017-03-09T15:08:00
Canada,Housing Index,2005-08-31T00:00:00,72.3,Monthly,CANADAHOUIND,2017-03-09T15:08:00
Canada,Housing Index,2005-09-30T00:00:00,72.7,Monthly,CANADAHOUIND,2017-03-09T15:08:00
Canada,Housing Index,2005-10-31T00:00:00,73.2,Monthly,CANADAHOUIND,2017-03-09T15:08:00
Canada,Housing Index,2005-11-30T00:00:00,73.6,Monthly,CANADAHOUIND,2017-03-09T15:08:00
Canada,Housing Index,2005-12-31T00:00:00,74.1,Monthly,CANADAHOUIND,2017-03-09T15:08:00
Canada,Housing Index,2006-01-31T00:00:00,74.7,Monthly,CANADAHOUIND,2017-03-09T15:08:00
Canada,Housing Index,2006-02-28T00:00:00,75.2,Monthly,CANADAHOUIND,2017-03-09T15:08:00
Canada,Housing Index,2006-03-31T00:00:00,76,Monthly,CANADAHOUIND,2017-03-09T15:08:00
Canada,Housing Index,2006-04-30T00:00:00,76.9,Monthly,CANADAHOUIND,2017-03-09T15:08:00
Canada,Housing Index,2006-05-31T00:00:00,77.8,Monthly,CANADAHOUIND,2017-03-09T15:08:00
Canada,Housing Index,2006-06-30T00:00:00,79,Monthly,CANADAHOUIND,2017-03-09T15:08:00
Canada,Housing Index,2006-07-31T00:00:00,79.8,Monthly,CANADAHOUIND,2017-03-09T15:08:00
Canada,Housing Index,2006-08-31T00:00:00,81,Monthly,CANADAHOUIND,2017-03-09T15:08:00
Canada,Housing Index,2006-09-30T00:00:00,81.4,Monthly,CANADAHOUIND,2017-03-09T15:08:00
Canada,Housing Index,2006-10-31T00:00:00,81.6,Monthly,CANADAHOUIND,2017-03-09T15:08:00
Canada,Housing Index,2006-11-30T00:00:00,82,Monthly,CANADAHOUIND,2017-03-09T15:08:00
Canada,Housing Index,2006-12-31T00:00:00,82,Monthly,CANADAHOUIND,2017-03-09T15:08:00
Canada,Housing Index,2007-01-31T00:00:00,82.3,Monthly,CANADAHOUIND,2017-03-09T15:08:00
Canada,Housing Index,2007-02-28T00:00:00,82.7,Monthly,CANADAHOUIND,2017-03-09T15:08:00
Canada,Housing Index,2007-03-31T00:00:00,83,Monthly,CANADAHOUIND,2017-03-09T15:08:00
Canada,Housing Index,2007-04-30T00:00:00,83.7,Monthly,CANADAHOUIND,2017-03-09T15:08:00
Canada,Housing Index,2007-05-31T00:00:00,84.6,Monthly,CANADAHOUIND,2017-03-09T15:08:00
Canada,Housing Index,2007-06-30T00:00:00,85.1,Monthly,CANADAHOUIND,2017-03-09T15:08:00
Canada,Housing Index,2007-07-31T00:00:00,85.9,Monthly,CANADAHOUIND,2017-03-09T15:08:00
Canada,Housing Index,2007-08-31T00:00:00,86.3,Monthly,CANADAHOUIND,2017-03-09T15:08:00
Canada,Housing Index,2007-09-30T00:00:00,86.5,Monthly,CANADAHOUIND,2017-03-09T15:08:00
Canada,Housing Index,2007-10-31T00:00:00,86.6,Monthly,CANADAHOUIND,2017-03-09T15:08:00
Canada,Housing Index,2007-11-30T00:00:00,87,Monthly,CANADAHOUIND,2017-03-09T15:08:00
Canada,Housing Index,2007-12-31T00:00:00,87.1,Monthly,CANADAHOUIND,2017-03-09T15:08:00
Canada,Housing Index,2008-01-31T00:00:00,87.6,Monthly,CANADAHOUIND,2017-03-09T15:08:00
Canada,Housing Index,2008-02-29T00:00:00,87.9,Monthly,CANADAHOUIND,2017-03-09T15:08:00
Canada,Housing Index,2008-03-31T00:00:00,88.1,Monthly,CANADAHOUIND,2017-03-09T15:08:00
Canada,Housing Index,2008-04-30T00:00:00,88.1,Monthly,CANADAHOUIND,2017-03-09T15:08:00
Canada,Housing Index,2008-05-31T00:00:00,88.1,Monthly,CANADAHOUIND,2017-03-09T15:08:00
Canada,Housing Index,2008-06-30T00:00:00,88.2,Monthly,CANADAHOUIND,2017-03-09T15:08:00
Canada,Housing Index,2008-07-31T00:00:00,88.2,Monthly,CANADAHOUIND,2017-03-09T15:08:00
Canada,Housing Index,2008-08-31T00:00:00,88.2,Monthly,CANADAHOUIND,2017-03-09T15:08:00
Canada,Housing Index,2008-09-30T00:00:00,88.3,Monthly,CANADAHOUIND,2017-03-09T15:08:00
Canada,Housing Index,2008-10-31T00:00:00,87.9,Monthly,CANADAHOUIND,2017-03-09T15:08:00
Canada,Housing Index,2008-11-30T00:00:00,87.7,Monthly,CANADAHOUIND,2017-03-09T15:08:00
Canada,Housing Index,2008-12-31T00:00:00,87.5,Monthly,CANADAHOUIND,2017-03-09T15:08:00
Canada,Housing Index,2009-01-31T00:00:00,87,Monthly,CANADAHOUIND,2017-03-09T15:08:00
Canada,Housing Index,2009-02-28T00:00:00,86.4,Monthly,CANADAHOUIND,2017-03-09T15:08:00
Canada,Housing Index,2009-03-31T00:00:00,86,Monthly,CANADAHOUIND,2017-03-09T15:08:00
Canada,Housing Index,2009-04-30T00:00:00,85.5,Monthly,CANADAHOUIND,2017-03-09T15:08:00
Canada,Housing Index,2009-05-31T00:00:00,85.4,Monthly,CANADAHOUIND,2017-03-09T15:08:00
Canada,Housing Index,2009-06-30T00:00:00,85.2,Monthly,CANADAHOUIND,2017-03-09T15:08:00
Canada,Housing Index,2009-07-31T00:00:00,85.4,Monthly,CANADAHOUIND,2017-03-09T15:08:00
Canada,Housing Index,2009-08-31T00:00:00,85.5,Monthly,CANADAHOUIND,2017-03-09T15:08:00
Canada,Housing Index,2009-09-30T00:00:00,85.9,Monthly,CANADAHOUIND,2017-03-09T15:08:00
Canada,Housing Index,2009-10-31T00:00:00,86.1,Monthly,CANADAHOUIND,2017-03-09T15:08:00
Canada,Housing Index,2009-11-30T00:00:00,86.4,Monthly,CANADAHOUIND,2017-03-09T15:08:00
Canada,Housing Index,2009-12-31T00:00:00,86.7,Monthly,CANADAHOUIND,2017-03-09T15:08:00
Canada,Housing Index,2010-01-31T00:00:00,87.1,Monthly,CANADAHOUIND,2017-03-09T15:08:00
Canada,Housing Index,2010-02-28T00:00:00,87.1,Monthly,CANADAHOUIND,2017-03-09T15:08:00
Canada,Housing Index,2010-03-31T00:00:00,87.4,Monthly,CANADAHOUIND,2017-03-09T15:08:00
Canada,Housing Index,2010-04-30T00:00:00,87.6,Monthly,CANADAHOUIND,2017-03-09T15:08:00
Canada,Housing Index,2010-05-31T00:00:00,87.9,Monthly,CANADAHOUIND,2017-03-09T15:08:00
Canada,Housing Index,2010-06-30T00:00:00,88,Monthly,CANADAHOUIND,2017-03-09T15:08:00
Canada,Housing Index,2010-07-31T00:00:00,87.9,Monthly,CANADAHOUIND,2017-03-09T15:08:00
Canada,Housing Index,2010-08-31T00:00:00,88,Monthly,CANADAHOUIND,2017-03-09T15:08:00
Canada,Housing Index,2010-09-30T00:00:00,88.1,Monthly,CANADAHOUIND,2017-03-09T15:08:00
Canada,Housing Index,2010-10-31T00:00:00,88.2,Monthly,CANADAHOUIND,2017-03-09T15:08:00
Canada,Housing Index,2010-11-30T00:00:00,88.4,Monthly,CANADAHOUIND,2017-03-09T15:08:00
Canada,Housing Index,2010-12-31T00:00:00,88.4,Monthly,CANADAHOUIND,2017-03-09T15:08:00
Canada,Housing Index,2011-01-31T00:00:00,88.6,Monthly,CANADAHOUIND,2017-03-09T15:08:00
Canada,Housing Index,2011-02-28T00:00:00,89,Monthly,CANADAHOUIND,2017-03-09T15:08:00
Canada,Housing Index,2011-03-31T00:00:00,89,Monthly,CANADAHOUIND,2017-03-09T15:08:00
Canada,Housing Index,2011-04-30T00:00:00,89.2,Monthly,CANADAHOUIND,2017-03-09T15:08:00
Canada,Housing Index,2011-05-31T00:00:00,89.6,Monthly,CANADAHOUIND,2017-03-09T15:08:00
Canada,Housing Index,2011-06-30T00:00:00,89.8,Monthly,CANADAHOUIND,2017-03-09T15:08:00
Canada,Housing Index,2011-07-31T00:00:00,89.9,Monthly,CANADAHOUIND,2017-03-09T15:08:00
Canada,Housing Index,2011-08-31T00:00:00,90,Monthly,CANADAHOUIND,2017-03-09T15:08:00
Canada,Housing Index,2011-09-30T00:00:00,90.1,Monthly,CANADAHOUIND,2017-03-09T15:08:00
Canada,Housing Index,2011-10-31T00:00:00,90.3,Monthly,CANADAHOUIND,2017-03-09T15:08:00
Canada,Housing Index,2011-11-30T00:00:00,90.6,Monthly,CANADAHOUIND,2017-03-09T15:08:00
Canada,Housing Index,2011-12-31T00:00:00,90.7,Monthly,CANADAHOUIND,2017-03-09T15:08:00
Canada,Housing Index,2012-01-31T00:00:00,90.8,Monthly,CANADAHOUIND,2017-03-09T15:08:00
Canada,Housing Index,2012-02-29T00:00:00,91,Monthly,CANADAHOUIND,2017-03-09T15:08:00
Canada,Housing Index,2012-03-31T00:00:00,91.3,Monthly,CANADAHOUIND,2017-03-09T15:08:00
Canada,Housing Index,2012-04-30T00:00:00,91.5,Monthly,CANADAHOUIND,2017-03-09T15:08:00
Canada,Housing Index,2012-05-31T00:00:00,91.7,Monthly,CANADAHOUIND,2017-03-09T15:08:00
Canada,Housing Index,2012-06-30T00:00:00,91.9,Monthly,CANADAHOUIND,2017-03-09T15:08:00
Canada,Housing Index,2012-07-31T00:00:00,92,Monthly,CANADAHOUIND,2017-03-09T15:08:00
Canada,Housing Index,2012-08-31T00:00:00,92.1,Monthly,CANADAHOUIND,2017-03-09T15:08:00
Canada,Housing Index,2012-09-30T00:00:00,92.3,Monthly,CANADAHOUIND,2017-03-09T15:08:00
Canada,Housing Index,2012-10-31T00:00:00,92.5,Monthly,CANADAHOUIND,2017-03-09T15:08:00
Canada,Housing Index,2012-11-30T00:00:00,92.6,Monthly,CANADAHOUIND,2017-03-09T15:08:00
Canada,Housing Index,2012-12-31T00:00:00,92.7,Monthly,CANADAHOUIND,2017-03-09T15:08:00
Canada,Housing Index,2013-01-31T00:00:00,92.8,Monthly,CANADAHOUIND,2017-03-09T15:08:00
Canada,Housing Index,2013-02-28T00:00:00,93,Monthly,CANADAHOUIND,2017-03-09T15:08:00
Canada,Housing Index,2013-03-31T00:00:00,93,Monthly,CANADAHOUIND,2017-03-09T15:08:00
Canada,Housing Index,2013-04-30T00:00:00,93.2,Monthly,CANADAHOUIND,2017-03-09T15:08:00
Canada,Housing Index,2013-05-31T00:00:00,93.4,Monthly,CANADAHOUIND,2017-03-09T15:08:00
Canada,Housing Index,2013-06-30T00:00:00,93.5,Monthly,CANADAHOUIND,2017-03-09T15:08:00
Canada,Housing Index,2013-07-31T00:00:00,93.6,Monthly,CANADAHOUIND,2017-03-09T15:08:00
Canada,Housing Index,2013-08-31T00:00:00,93.7,Monthly,CANADAHOUIND,2017-03-09T15:08:00
Canada,Housing Index,2013-09-30T00:00:00,93.8,Monthly,CANADAHOUIND,2017-03-09T15:08:00
Canada,Housing Index,2013-10-31T00:00:00,93.8,Monthly,CANADAHOUIND,2017-03-09T15:08:00
Canada,Housing Index,2013-11-30T00:00:00,93.9,Monthly,CANADAHOUIND,2017-03-09T15:08:00
Canada,Housing Index,2013-12-31T00:00:00,93.9,Monthly,CANADAHOUIND,2017-03-09T15:08:00
Canada,Housing Index,2014-01-31T00:00:00,94.1,Monthly,CANADAHOUIND,2017-03-09T15:08:00
Canada,Housing Index,2014-02-28T00:00:00,94.4,Monthly,CANADAHOUIND,2017-03-09T15:08:00
Canada,Housing Index,2014-03-31T00:00:00,94.5,Monthly,CANADAHOUIND,2017-03-09T15:08:00
Canada,Housing Index,2014-04-30T00:00:00,94.7,Monthly,CANADAHOUIND,2017-03-09T15:08:00
Canada,Housing Index,2014-05-31T00:00:00,94.8,Monthly,CANADAHOUIND,2017-03-09T15:08:00
Canada,Housing Index,2014-06-30T00:00:00,94.9,Monthly,CANADAHOUIND,2017-03-09T15:08:00
Canada,Housing Index,2014-07-31T00:00:00,94.9,Monthly,CANADAHOUIND,2017-03-09T15:08:00
Canada,Housing Index,2014-08-31T00:00:00,95.2,Monthly,CANADAHOUIND,2017-03-09T15:08:00
Canada,Housing Index,2014-09-30T00:00:00,95.3,Monthly,CANADAHOUIND,2017-03-09T15:08:00
Canada,Housing Index,2014-10-31T00:00:00,95.4,Monthly,CANADAHOUIND,2017-03-09T15:08:00
Canada,Housing Index,2014-11-30T00:00:00,95.5,Monthly,CANADAHOUIND,2017-03-09T15:08:00
Canada,Housing Index,2014-12-31T00:00:00,95.5,Monthly,CANADAHOUIND,2017-03-09T15:08:00
Canada,Housing Index,2015-01-31T00:00:00,95.5,Monthly,CANADAHOUIND,2017-03-09T15:08:00
Canada,Housing Index,2015-02-28T00:00:00,95.6,Monthly,CANADAHOUIND,2017-03-09T15:08:00
Canada,Housing Index,2015-03-31T00:00:00,95.7,Monthly,CANADAHOUIND,2017-03-09T15:08:00
Canada,Housing Index,2015-04-30T00:00:00,95.7,Monthly,CANADAHOUIND,2017-03-09T15:08:00
Canada,Housing Index,2015-05-31T00:00:00,95.9,Monthly,CANADAHOUIND,2017-03-09T15:08:00
Canada,Housing Index,2015-06-30T00:00:00,96.1,Monthly,CANADAHOUIND,2017-03-09T15:08:00
Canada,Housing Index,2015-07-31T00:00:00,96.2,Monthly,CANADAHOUIND,2017-03-09T15:08:00
Canada,Housing Index,2015-08-31T00:00:00,96.5,Monthly,CANADAHOUIND,2017-03-09T15:08:00
Canada,Housing Index,2015-09-30T00:00:00,96.6,Monthly,CANADAHOUIND,2017-03-09T15:08:00
Canada,Housing Index,2015-10-31T00:00:00,96.8,Monthly,CANADAHOUIND,2017-03-09T15:08:00
Canada,Housing Index,2015-11-30T00:00:00,96.9,Monthly,CANADAHOUIND,2017-03-09T15:08:00
Canada,Housing Index,2015-12-31T00:00:00,97,Monthly,CANADAHOUIND,2017-03-09T15:08:00
Canada,Housing Index,2016-01-31T00:00:00,97.1,Monthly,CANADAHOUIND,2017-03-09T15:08:00
Canada,Housing Index,2016-02-29T00:00:00,97.3,Monthly,CANADAHOUIND,2017-03-09T15:08:00
Canada,Housing Index,2016-03-31T00:00:00,97.5,Monthly,CANADAHOUIND,2017-03-09T15:08:00
Canada,Housing Index,2016-04-30T00:00:00,97.7,Monthly,CANADAHOUIND,2017-03-09T15:08:00
Canada,Housing Index,2016-05-31T00:00:00,98.5,Monthly,CANADAHOUIND,2017-03-09T15:08:00
Canada,Housing Index,2016-06-30T00:00:00,98.6,Monthly,CANADAHOUIND,2017-03-09T15:08:00
Canada,Housing Index,2016-07-31T00:00:00,99,Monthly,CANADAHOUIND,2017-03-09T15:08:00
Canada,Housing Index,2016-08-31T00:00:00,99.1,Monthly,CANADAHOUIND,2017-03-09T15:08:00
Canada,Housing Index,2016-09-30T00:00:00,99.3,Monthly,CANADAHOUIND,2017-03-09T14:31:00
Canada,Housing Index,2016-10-31T00:00:00,99.7,Monthly,CANADAHOUIND,2017-03-09T14:30:00
Canada,Housing Index,2016-11-30T00:00:00,99.9,Monthly,CANADAHOUIND,2017-03-09T14:30:00
Canada,Housing Index,2016-12-31T00:00:00,100,Monthly,CANADAHOUIND,2017-03-09T14:30:00
Canada,Housing Index,2017-01-31T00:00:00,100.1,Monthly,CANADAHOUIND,2017-03-09T14:31:00
Canada,Housing Index,2017-02-28T00:00:00,100.5,Monthly,CANADAHOUIND,2017-04-13T12:34:00
Canada,Housing Index,2017-03-31T00:00:00,100.7,Monthly,CANADAHOUIND,2017-05-11T12:46:00
Canada,Housing Index,2017-04-30T00:00:00,101.5,Monthly,CANADAHOUIND,2017-06-08T12:38:00
Canada,Housing Index,2017-05-31T00:00:00,102.2,Monthly,CANADAHOUIND,2017-07-13T12:35:00
Canada,Housing Index,2017-06-30T00:00:00,102.4,Monthly,CANADAHOUIND,2017-08-10T12:44:00
Canada,Housing Index,2017-07-31T00:00:00,102.8,Monthly,CANADAHOUIND,2017-09-14T12:39:00
Canada,Housing Index,2017-08-31T00:00:00,102.9,Monthly,CANADAHOUIND,2017-10-12T12:40:00
Canada,Housing Index,2017-09-30T00:00:00,103.1,Monthly,CANADAHOUIND,2017-11-09T13:36:00
Canada,Housing Index,2017-10-31T00:00:00,103.2,Monthly,CANADAHOUIND,2017-12-14T14:23:00
Canada,Housing Index,2017-11-30T00:00:00,103.3,Monthly,CANADAHOUIND,2018-01-11T13:49:00
Canada,Housing Index,2017-12-31T00:00:00,103.3,Monthly,CANADAHOUIND,2018-02-08T13:43:00
Canada,Housing Index,2018-01-31T00:00:00,103.3,Monthly,CANADAHOUIND,2018-03-08T13:45:00
Canada,Housing Index,2018-02-28T00:00:00,103.1,Monthly,CANADAHOUIND,2018-04-12T12:38:00
Canada,Housing Index,2018-03-31T00:00:00,103.1,Monthly,CANADAHOUIND,2018-05-10T12:38:00
Canada,Housing Index,2018-04-30T00:00:00,103.1,Monthly,CANADAHOUIND,2018-06-14T12:34:00
Canada,Housing Index,2018-05-31T00:00:00,103.1,Monthly,CANADAHOUIND,2018-07-14T10:18:00
Canada,Housing Index,2018-06-30T00:00:00,103.2,Monthly,CANADAHOUIND,2018-08-09T12:33:00
Canada,Housing Index,2018-07-31T00:00:00,103.3,Monthly,CANADAHOUIND,2018-09-13T12:33:00
Canada,Housing Index,2018-08-31T00:00:00,103.3,Monthly,CANADAHOUIND,2018-10-11T12:33:00
Canada,Housing Index,2018-09-30T00:00:00,103.3,Monthly,CANADAHOUIND,2018-11-08T13:37:00
Canada,Housing Index,2018-10-31T00:00:00,103.3,Monthly,CANADAHOUIND,2018-12-13T13:47:00
Canada,Housing Index,2018-11-30T00:00:00,103.3,Monthly,CANADAHOUIND,2019-01-10T13:32:00
Canada,Housing Index,2018-12-31T00:00:00,103.3,Monthly,CANADAHOUIND,2019-02-14T13:31:00
Canada,Housing Index,2019-01-31T00:00:00,103.2,Monthly,CANADAHOUIND,2019-03-14T12:36:00
Canada,Housing Index,2019-02-28T00:00:00,103.2,Monthly,CANADAHOUIND,2019-04-11T12:31:00
Canada,Housing Index,2019-03-31T00:00:00,103.2,Monthly,CANADAHOUIND,2019-05-09T12:34:00
Canada,Housing Index,2019-04-30T00:00:00,103.2,Monthly,CANADAHOUIND,2019-06-13T12:42:00
Canada,Housing Index,2019-05-31T00:00:00,103.1,Monthly,CANADAHOUIND,2019-07-11T12:33:00
Canada,Housing Index,2019-06-30T00:00:00,103,Monthly,CANADAHOUIND,2019-08-08T12:36:00
Canada,Housing Index,2019-07-31T00:00:00,102.9,Monthly,CANADAHOUIND,2019-09-12T12:36:00
Canada,Housing Index,2019-08-31T00:00:00,103,Monthly,CANADAHOUIND,2019-10-10T12:33:00
Canada,Housing Index,2019-09-30T00:00:00,103.2,Monthly,CANADAHOUIND,2019-11-14T13:40:00
Canada,Housing Index,2019-10-31T00:00:00,103.3,Monthly,CANADAHOUIND,2019-12-20T13:49:00
Canada,Housing Index,2019-11-30T00:00:00,103.2,Monthly,CANADAHOUIND,2019-12-20T13:49:00
Canada,Housing Index,2019-12-31T00:00:00,103.4,Monthly,CANADAHOUIND,2020-01-22T13:38:00
Canada,Housing Index,2020-01-31T00:00:00,103.4,Monthly,CANADAHOUIND,2020-02-20T13:42:00
Canada,Housing Index,2020-02-29T00:00:00,103.8,Monthly,CANADAHOUIND,2020-03-19T12:40:00
Canada,Housing Index,2020-03-31T00:00:00,104.1,Monthly,CANADAHOUIND,2020-04-22T13:06:00
Canada,Housing Index,2020-04-30T00:00:00,104.1,Monthly,CANADAHOUIND,2020-05-21T12:58:00
Canada,Housing Index,2020-05-31T00:00:00,104.2,Monthly,CANADAHOUIND,2020-06-18T12:54:00
Canada,Housing Index,2020-06-30T00:00:00,104.3,Monthly,CANADAHOUIND,2020-07-21T12:32:00
Canada,Housing Index,2020-07-31T00:00:00,104.7,Monthly,CANADAHOUIND,2020-08-21T12:43:00
Canada,Housing Index,2020-08-31T00:00:00,105.2,Monthly,CANADAHOUIND,2020-09-21T12:39:00
Canada,Housing Index,2020-09-30T00:00:00,106.5,Monthly,CANADAHOUIND,2020-10-21T12:38:00
Canada,Housing Index,2020-10-31T00:00:00,107.3,Monthly,CANADAHOUIND,2020-12-21T13:31:00
Canada,Housing Index,2020-11-30T00:00:00,107.9,Monthly,CANADAHOUIND,2020-12-21T13:31:00
Canada,Housing Index,2020-12-31T00:00:00,108.2,Monthly,CANADAHOUIND,2021-01-21T13:35:00
Canada,Housing Index,2021-01-31T00:00:00,109,Monthly,CANADAHOUIND,2021-02-18T13:32:00
Canada,Housing Index,2021-02-28T00:00:00,111.1,Monthly,CANADAHOUIND,2021-03-18T12:31:00
Canada,Housing Index,2021-03-31T00:00:00,112.3,Monthly,CANADAHOUIND,2021-04-22T12:32:00
Canada,Housing Index,2021-04-30T00:00:00,114.4,Monthly,CANADAHOUIND,2021-05-20T12:33:00
Canada,Housing Index,2021-05-31T00:00:00,116,Monthly,CANADAHOUIND,2021-06-18T12:45:00
Canada,Housing Index,2021-06-30T00:00:00,116.7,Monthly,CANADAHOUIND,2021-07-21T12:35:00
Canada,Housing Index,2021-07-31T00:00:00,117.2,Monthly,CANADAHOUIND,2021-08-20T12:34:00
Canada,Housing Index,2021-08-31T00:00:00,118,Monthly,CANADAHOUIND,2021-09-25T10:08:00
